Date,CPI,Core_CPI,Fed_Funds_Rate,Unemployment_Rate,PPI,Industrial_Production,Oil_Price_WTI,Ten_Year_Treasury,CPI_YoY,Core_CPI_YoY,PPI_YoY,Oil_YoY,Industrial_Production_YoY,CPI_YoY_Next_Month
1991-01-31,134.7,139.5,6.91,6.4,119.0,61.1355,24.959,8.03,5.647058823529405,5.601816805450421,3.5683202785030455,10.238063689766363,-0.961460577686335,5.312500000000009
1991-02-28,134.8,140.2,6.25,6.6,117.2,60.6838,20.523,8.02,5.312500000000009,5.6518462697814575,2.447552447552437,-7.169350461371449,-2.577958439290029,4.821150855365497
1991-03-31,134.8,140.5,6.12,6.8,116.2,60.3346,19.86,8.05,4.821150855365497,5.243445692883886,1.7513134851138368,-2.732882750514254,-3.61869587651098,4.809930178432875
1991-04-30,135.1,140.9,5.91,6.7,116.0,60.4938,20.823,8.02,4.809930178432875,5.149253731343295,1.6652059596844904,12.06005812076203,-3.1105501802648705,5.034856700232382
1991-05-31,135.6,141.3,5.78,6.9,116.5,61.0633,21.24,8.06,5.034856700232382,5.133928571428581,1.6579406631762605,16.46652409935845,-2.494978108064083,4.695919938414161
1991-06-30,136.0,141.8,5.9,6.9,116.4,61.5581,20.195,8.24,4.695919938414161,4.959289415247969,1.8372703412073532,19.702447987671157,-2.037136646180182,4.367816091954024
1991-07-31,136.2,142.3,5.82,6.8,116.1,61.7305,21.42,8.2,4.367816091954024,4.786450662739328,1.3973799126637543,14.926494259040668,-1.5908264836979713,3.7993920972644313
1991-08-31,136.6,142.9,5.66,6.9,116.2,61.7298,21.688,7.82,3.7993920972644313,4.612005856515378,-0.2575107296137302,-20.188415397070735,-1.934469200524247,3.396226415094339
1991-09-30,137.0,143.4,5.45,6.9,116.1,62.2195,21.857,7.47,3.396226415094339,4.595185995623652,-1.9425675675675769,-35.1174043399531,-1.1640559598299127,2.8485757121439192
1991-10-31,137.2,143.7,5.21,7.0,116.4,62.1855,23.228,7.47,2.8485757121439192,4.433139534883712,-3.6423841059602613,-35.33767607594231,-0.6375380485583504,3.0665669409125185
1991-11-30,137.8,144.2,4.81,7.0,116.4,62.0871,22.465,7.38,3.0665669409125185,4.492753623188395,-3.080766028309734,-30.448916408668726,0.4829362003084814,2.980625931445613
1991-12-31,138.2,144.7,4.43,7.3,115.9,61.7852,19.517,6.71,2.980625931445613,4.401154401154406,-2.3588879528222417,-28.605918718220725,0.7336733229858172,2.672605790645899
1992-01-31,138.3,145.1,4.03,7.3,115.6,61.4616,18.82,7.31,2.672605790645899,4.014336917562722,-2.857142857142858,-24.59633799431067,0.5334053046102349,2.8189910979228294
1992-02-29,138.6,145.4,4.06,7.4,116.0,61.8955,18.995,7.27,2.8189910979228294,3.708987161198296,-1.0238907849829393,-7.445305267261116,1.996743776757559,3.189910979228472
1992-03-31,139.1,145.9,3.98,7.4,116.1,62.4232,18.916,7.54,3.189910979228472,3.843416370106767,-0.0860585197934638,-4.753272910372608,3.4616952793256273,3.1828275351591495
1992-04-30,139.4,146.3,3.73,7.4,116.3,62.897,20.243,7.61,3.1828275351591495,3.8325053229240735,0.2586206896551646,-2.7853815492484335,3.972638518327498,3.0235988200590036
1992-05-31,139.7,146.8,3.82,7.6,117.2,63.104,20.94,7.33,3.0235988200590036,3.8924274593064467,0.6008583690987113,-1.4124293785310549,3.341941886534139,3.0147058823529305
1992-06-30,140.1,147.1,3.76,7.8,118.0,63.1363,22.375,7.14,3.0147058823529305,3.7376586741889817,1.3745704467353903,10.794751176033678,2.563756841098086,3.1571218795888534
1992-07-31,140.5,147.6,3.25,7.7,117.9,63.7176,21.759,6.72,3.1571218795888534,3.7245256500351154,1.5503875968992276,1.582633053221283,3.218992232364881,3.0746705710102518
1992-08-31,140.8,147.9,3.3,7.6,117.7,63.3613,21.35,6.62,3.0746705710102518,3.4989503149055246,1.2908777969018903,-1.5584655108815793,2.6429698460063156,2.9927007299270114
1992-09-30,141.1,148.1,3.22,7.6,118.0,63.5703,21.902,6.37,2.9927007299270114,3.2775453277545274,1.636520241171402,0.2058836985862733,2.1710235537090616,3.279883381924198
1992-10-31,141.7,148.8,3.1,7.3,118.1,63.9995,21.688,6.8,3.279883381924198,3.549060542797511,1.4604810996563522,-6.629929395557099,2.917078740220802,3.1204644412191396
1992-11-30,142.1,149.2,3.09,7.4,117.8,64.2422,20.342,6.95,3.1204644412191396,3.4674063800277377,1.2027491408934665,-9.450255953705767,3.4710914183461616,2.966714905933454
1992-12-31,142.3,149.6,2.92,7.4,117.6,64.3507,19.407,6.7,2.966714905933454,3.386316516931598,1.4667817083692691,-0.5636112107393565,4.152288897664813,3.2537960954446943
1993-01-31,142.8,150.1,3.02,7.3,118.0,64.5978,19.075,6.39,3.2537960954446943,3.4458993797381154,2.076124567474058,1.3549415515409002,5.1026982701394274,3.2467532467532534
1993-02-28,143.1,150.6,3.03,7.1,118.4,64.9089,20.053,6.03,3.2467532467532534,3.576341127922955,2.0689655172413834,5.569886812319025,4.8685284067500945,3.0194104960460155
1993-03-31,143.3,150.8,3.07,7.0,118.7,64.8522,20.347,6.03,3.0194104960460155,3.358464701850594,2.239448751076667,7.56502431803765,3.8911814838072933,3.1563845050215145
1993-04-30,143.8,151.4,2.96,7.1,119.3,65.0301,20.27,6.05,3.1563845050215145,3.4859876965140035,2.579535683576961,0.13337943980635814,3.3914177146763924,3.2211882605583497
1993-05-31,144.2,151.8,3.0,7.1,119.7,64.784,19.94,6.16,3.2211882605583497,3.4059945504087086,2.1331058020477744,-4.775549188156636,2.6622718052738525,2.9978586723768963
1993-06-30,144.3,152.1,3.04,7.0,119.5,64.9301,19.07,5.8,2.9978586723768963,3.3990482664853827,1.2711864406779627,-14.77094972067039,2.8411547715022856,2.8469750889679624
1993-07-31,144.5,152.3,3.06,6.9,119.2,65.1052,17.866,5.83,2.8469750889679624,3.1842818428184483,1.1026293469041493,-17.89144721724344,2.1777342523886745,2.840909090909083
1993-08-31,144.8,152.8,3.03,6.8,118.7,65.0267,18.009,5.45,2.840909090909083,3.313049357674114,0.8496176720475868,-15.648711943793913,2.628418293185275,2.7639971651311157
1993-09-30,145.0,152.9,3.09,6.7,118.7,65.3717,17.514,5.4,2.7639971651311157,3.241053342336264,0.5932203389830581,-20.03470002739477,2.833713227717971,2.752293577981657
1993-10-31,145.6,153.4,2.99,6.8,119.1,65.8509,18.145,5.43,2.752293577981657,3.0913978494623517,0.8467400508044065,-16.33622279601623,2.892835100274227,2.7445460942997935
1993-11-30,146.0,153.9,3.02,6.6,119.0,66.1518,16.699,5.83,2.7445460942997935,3.1501340482573914,1.018675721561979,-17.90876020057024,2.972500941748568,2.8109627547435068
1993-12-31,146.3,154.3,2.96,6.5,118.6,66.5436,14.51,5.83,2.8109627547435068,3.141711229946531,0.8503401360544283,-25.233163291595815,3.407732938414032,2.450980392156854
1994-01-31,146.3,154.5,3.05,6.6,119.1,66.7351,15.0,5.7,2.450980392156854,2.931379080612939,0.9322033898305104,-21.363040629095675,3.3086266095749384,2.515723270440251
1994-02-28,146.7,154.8,3.25,6.6,119.3,66.774,14.78,6.15,2.515723270440251,2.788844621513964,0.7601351351351315,-26.295317408866513,2.8734118125557373,2.6517794836008246
1994-03-31,147.1,155.3,3.34,6.5,119.7,67.4552,14.66,6.77,2.6517794836008246,2.984084880636595,0.8424599831508006,-27.950066348847503,4.013742016462052,2.364394993045882
1994-04-30,147.2,155.5,3.56,6.4,119.7,67.8541,16.38,7.06,2.364394993045882,2.7080581241743618,0.3352891869237373,-19.19092254563395,4.342604424720231,2.288488210818307
1994-05-31,147.5,155.9,4.01,6.1,119.9,68.1663,17.88,7.17,2.288488210818307,2.7009222661396493,0.1670843776107045,-10.330992978936827,5.220887873549018,2.494802494802495
1994-06-30,147.9,156.4,4.25,6.1,120.5,68.6265,19.07,7.34,2.494802494802495,2.827087442472065,0.8368200836819994,0.0,5.692891278467149,2.69896193771626
1994-07-31,148.4,156.7,4.26,6.1,120.7,68.7178,19.65,7.12,2.69896193771626,2.8890347997373444,1.2583892617449743,9.985447218179777,5.548865528406344,2.900552486187835
1994-08-31,149.0,157.1,4.47,6.0,121.2,69.1785,18.38,7.19,2.900552486187835,2.814136125654443,2.1061499578769904,2.0600810705758255,6.384761951629092,2.965517241379323
1994-09-30,149.3,157.5,4.73,5.9,121.0,69.3961,17.46,7.62,2.965517241379323,3.00850228907783,1.9376579612468303,-0.30832476875641834,6.156180732641192,2.609890109890123
1994-10-31,149.4,157.8,4.76,5.8,120.9,69.9544,17.71,7.81,2.609890109890123,2.8683181225554133,1.5113350125944613,-2.397354643152372,6.231501771426062,2.602739726027403
1994-11-30,149.8,158.2,5.29,5.6,121.5,70.4326,18.1,7.91,2.602739726027403,2.7940220922676895,2.1008403361344463,8.389723935565009,6.4711768991924545,2.597402597402576
1994-12-31,150.1,158.3,5.45,5.5,121.9,71.1523,17.16,7.84,2.597402597402576,2.5923525599481634,2.7824620573355885,18.263266712612,6.925835091579047,2.8708133971291794
1995-01-31,150.5,159.0,5.53,5.6,122.9,71.2734,17.99,7.6,2.8708133971291794,2.9126213592232997,3.1905961376994307,19.933333333333316,6.800469318244806,2.862985685071595
1995-02-28,150.9,159.4,5.92,5.4,123.5,71.193,18.53,7.22,2.862985685071595,2.9715762273901714,3.5205364626990754,25.372124492557525,6.617845269116707,2.7872195785180187
1995-03-31,151.2,159.9,5.98,5.4,123.9,71.3113,18.55,7.2,2.7872195785180187,2.962009014810052,3.5087719298245723,26.53478854024558,5.7165348260771465,3.125000000000022
1995-04-30,151.8,160.4,6.05,5.8,124.6,71.1882,19.87,7.07,3.125000000000022,3.1511254019292556,4.093567251461971,21.30647130647132,4.913630863868201,3.1186440677966054
1995-05-31,152.1,160.7,6.01,5.6,124.9,71.5378,19.74,6.3,3.1186440677966054,3.078896728672209,4.170141784820691,10.402684563758392,4.945992374531105,3.0425963488843744
1995-06-30,152.4,161.1,6.0,5.6,125.3,71.7749,18.42,6.21,3.0425963488843744,3.0051150895140655,3.983402489626564,-3.40849501835343,4.587732144288292,2.8301886792452713
1995-07-31,152.6,161.4,5.85,5.7,125.3,71.4748,17.3,6.45,2.8301886792452713,2.999361837906833,3.81110190555094,-11.959287531806606,4.012060921624383,2.6174496644295386
1995-08-31,152.9,161.8,5.74,5.7,125.1,72.4223,18.03,6.28,2.6174496644295386,2.991725015913449,3.2178217821782207,-1.9042437431991188,4.689029105863818,2.54521098459477
1995-09-30,153.1,162.2,5.8,5.6,125.2,72.7144,18.23,6.17,2.54521098459477,2.984126984126978,3.4710743801652955,4.410080183276066,4.7816808149161005,2.7443105756358666
1995-10-31,153.5,162.7,5.76,5.5,125.3,72.5866,17.44,6.03,2.7443105756358666,3.1051964512040398,3.639371381306855,-1.5245623941276043,3.7627368685886786,2.603471295060067
1995-11-30,153.7,163.0,5.8,5.6,125.4,72.7779,17.99,5.76,2.603471295060067,3.034134007585343,3.2098765432098775,-0.607734806629856,3.3298500978240275,2.5316455696202667
1995-12-31,153.9,163.1,5.6,5.6,125.7,73.0305,19.04,5.58,2.5316455696202667,3.032217308907126,3.1173092698933536,10.955710955710952,2.6396897921781903,2.7906976744185963
1996-01-31,154.7,163.7,5.56,5.6,126.3,72.6125,18.88,5.6,2.7906976744185963,2.955974842767284,2.766476810414975,4.94719288493608,1.8788215519394358,2.717031146454607
1996-02-29,155.0,164.0,5.22,5.5,126.2,73.6752,19.07,6.13,2.717031146454607,2.8858218318695172,2.1862348178137703,2.9141932002158644,3.4865787366735512,2.8439153439153486
1996-03-31,155.5,164.4,5.31,5.5,126.4,73.585,21.36,6.34,2.8439153439153486,2.814258911819878,2.0177562550443895,15.148247978436657,3.188414739319012,2.832674571805005
1996-04-30,156.1,164.6,5.22,5.6,127.4,74.3172,23.57,6.66,2.832674571805005,2.6184538653366562,2.2471910112359605,18.6210367388022,4.395391371041835,2.827087442472065
1996-05-31,156.4,165.0,5.24,5.6,128.1,74.8726,21.25,6.85,2.827087442472065,2.675793403858129,2.562049639711761,7.649442755825753,4.661591494286932,2.8215223097112663
1996-06-30,156.7,165.4,5.27,5.3,128.0,75.4433,20.45,6.73,2.8215223097112663,2.669149596523912,2.154828411811649,11.020629750271427,5.110978907668273,2.8833551769331667
1996-07-31,157.0,165.7,5.4,5.5,128.0,75.4549,21.32,6.8,2.8833551769331667,2.664188351920682,2.154828411811649,23.236994219653173,5.568536043472649,2.8122956180510084
1996-08-31,157.2,166.0,5.22,5.1,128.3,75.8411,21.96,6.96,2.8122956180510084,2.595797280593315,2.557953637090349,21.797004991680534,4.720645436557502,3.0045721750489918
1996-09-30,157.7,166.5,5.3,5.2,128.2,76.3158,23.99,6.72,3.0045721750489918,2.6510480887792953,2.396166134185296,31.59626988480526,4.952801645891314,3.0618892508143203
1996-10-31,158.2,166.8,5.24,5.2,128.0,76.3384,24.9,6.37,3.0618892508143203,2.5199754148740094,2.154828411811649,42.77522935779814,5.168722601692299,3.2530904359141077
1996-11-30,158.7,167.2,5.31,5.4,128.2,77.0397,23.71,6.06,3.2530904359141077,2.5766871165644023,2.2328548644338087,31.79544191217345,5.855898562613082,3.378817413905133
1996-12-31,159.1,167.4,5.29,5.4,129.1,77.5333,25.39,6.43,3.378817413905133,2.636419374616805,2.704852824184556,33.35084033613447,6.165643121709419,3.0381383322559907
1997-01-31,159.4,167.8,5.25,5.3,129.7,77.6562,25.17,6.53,3.0381383322559907,2.504581551618834,2.692003167062551,33.31567796610171,6.946049233947327,3.0322580645161246
1997-02-28,159.7,168.1,5.19,5.2,128.5,78.5833,22.21,6.56,3.0322580645161246,2.499999999999991,1.8225039619651273,16.46565285789199,6.661807501031536,2.7652733118971096
1997-03-31,159.8,168.4,5.39,5.2,127.3,79.082,20.99,6.92,2.7652733118971096,2.4330900243308973,0.7120253164556889,-1.7322097378277168,7.470272474009643,2.434336963484962
1997-04-30,159.9,168.9,5.51,5.1,127.0,79.1747,19.72,6.72,2.434336963484962,2.6123936816524918,-0.31397174254317317,-16.33432329232075,6.536171976339267,2.237851662404089
1997-05-31,159.9,169.2,5.5,4.9,127.4,79.6133,20.83,6.67,2.237851662404089,2.5454545454545396,-0.5464480874316835,-1.9764705882353018,6.331688761977006,2.233567326100827
1997-06-30,160.2,169.4,5.56,5.0,127.2,79.9792,19.17,6.51,2.233567326100827,2.41837968561065,-0.6249999999999978,-6.259168704156471,6.012329789391524,2.165605095541401
1997-07-31,160.4,169.7,5.52,4.9,126.9,80.6624,19.63,6.02,2.165605095541401,2.4140012070005934,-0.8593749999999956,-7.92682926829269,6.901473595485519,2.2900763358778775
1997-08-31,160.8,169.8,5.54,4.8,127.2,81.4694,19.93,6.34,2.2900763358778775,2.2891566265060392,-0.857365549493383,-9.24408014571949,7.421174007233544,2.21940393151554
1997-09-30,161.2,170.2,5.54,4.9,127.5,82.2156,19.79,6.12,2.21940393151554,2.2222222222222143,-0.5460218408736228,-17.507294706127553,7.7307713474798145,2.0859671302149163
1997-10-31,161.5,170.6,5.5,4.7,127.8,82.9446,21.26,5.84,2.0859671302149163,2.278177458033559,-0.15625000000000222,-14.618473895582317,8.653836077256006,1.8903591682419618
1997-11-30,161.7,170.8,5.52,4.6,127.9,83.5978,20.17,5.86,1.8903591682419618,2.1531100478469067,-0.23400936037439868,-14.930409110080134,8.512624010737335,1.6970458830924073
1997-12-31,161.8,171.2,5.5,4.7,126.8,83.9538,18.32,5.75,1.6970458830924073,2.270011947431283,-1.7815646785437678,-27.845608507286336,8.280957988374027,1.6311166875784044
1998-01-31,162.0,171.6,5.56,4.6,125.4,84.3218,16.71,5.53,1.6311166875784044,2.264600715137055,-3.3153430994602773,-33.611442193087,8.58347433946034,1.440200375704448
1998-02-28,162.0,171.9,5.51,4.6,125.0,84.4583,16.06,5.62,1.440200375704448,2.2605591909577782,-2.7237354085603127,-27.69022962629447,7.476143150007708,1.3767209011263937
1998-03-31,162.0,172.2,5.49,4.7,124.7,84.488,15.02,5.67,1.3767209011263937,2.25653206650831,-2.04241948153967,-28.44211529299666,6.835942439493192,1.4383989993745905
1998-04-30,162.2,172.5,5.45,4.3,124.9,84.7779,15.44,5.68,1.4383989993745905,2.131438721136769,-1.6535433070866135,-21.70385395537525,7.077008185695677,1.6885553470919357
1998-05-31,162.6,172.9,5.49,4.4,125.1,85.3367,14.86,5.56,1.6885553470919357,2.1867612293144267,-1.8053375196232402,-28.660585693710992,7.188999827918208,1.6229712858926382
1998-06-30,162.8,173.2,5.56,4.5,124.8,84.8248,13.66,5.44,1.6229712858926382,2.2432113341204207,-1.8867924528301883,-28.74282733437663,6.058575229559682,1.74563591022443
1998-07-31,163.2,173.5,5.54,4.5,124.9,84.4986,14.08,5.5,1.74563591022443,2.2392457277548683,-1.5760441292356209,-28.2730514518594,4.755871384932742,1.6169154228855787
1998-08-31,163.4,174.0,5.55,4.5,124.2,86.248,13.36,5.05,1.6169154228855787,2.473498233215543,-2.358490566037741,-32.965378825890625,5.865515150473688,1.4267990074441794
1998-09-30,163.5,174.2,5.51,4.6,123.8,86.2021,14.95,4.44,1.4267990074441794,2.3501762632197387,-2.9019607843137285,-24.456796361798894,4.848836473856544,1.4860681114551078
1998-10-31,163.9,174.4,5.07,4.5,124.0,86.7914,14.39,4.64,1.4860681114551078,2.2274325908558046,-2.9733959311424085,-32.31420507996238,4.637794383238925,1.4842300556586308
1998-11-30,164.1,174.8,4.83,4.4,123.6,86.7256,12.85,4.74,1.4842300556586308,2.3419203747072626,-3.3620015637216616,-36.291522062469014,3.741486019967022,1.606922126081578
1998-12-31,164.4,175.4,4.68,4.4,122.8,87.1185,11.28,4.65,1.606922126081578,2.453271028037385,-3.154574132492116,-38.427947598253276,3.7695732652959,1.6666666666666607
1999-01-31,164.7,175.6,4.63,4.3,122.9,87.4949,12.47,4.66,1.6666666666666607,2.331002331002341,-1.9936204146730474,-25.37402752842609,3.763083805136991,1.6666666666666607
1999-02-28,164.7,175.6,4.76,4.4,122.3,88.027,12.01,5.29,1.6666666666666607,2.1524141942990127,-2.1600000000000064,-25.21793275217933,4.225398806274816,1.7283950617283939
1999-03-31,164.8,175.7,4.81,4.2,122.6,88.2267,14.66,5.25,1.7283950617283939,2.0325203252032464,-1.6840417000801966,-2.3968042609853524,4.425125461604007,2.281134401972884
1999-04-30,165.9,176.3,4.74,4.3,123.6,88.4295,17.34,5.36,2.281134401972884,2.2028985507246412,-1.0408326661329181,12.305699481865284,4.307254602909483,2.091020910209096
1999-05-31,166.0,176.5,4.74,4.2,124.7,88.9886,17.75,5.64,2.091020910209096,2.0821283979178595,-0.3197442046362853,19.448183041722757,4.27940147673862,1.9656019656019597
1999-06-30,166.0,176.6,4.76,4.3,125.2,88.9188,17.89,5.81,1.9656019656019597,1.9630484988452768,0.3205128205128194,30.966325036603216,4.826418688874012,2.1446078431372584
1999-07-31,166.7,177.1,4.99,4.3,125.7,89.4333,20.07,5.92,2.1446078431372584,2.074927953890482,0.6405124099279291,42.54261363636365,5.839978413843561,2.2643818849449104
1999-08-31,167.1,177.3,5.07,4.2,126.9,89.7924,21.26,5.98,2.2643818849449104,1.8965517241379404,2.1739130434782705,59.13173652694612,4.109544569149426,2.629969418960254
1999-09-30,167.8,177.8,5.22,4.2,128.0,89.4299,23.88,5.9,2.629969418960254,2.066590126291623,3.392568659127626,59.7324414715719,3.7444563415508503,2.56253813300793
1999-10-31,168.1,178.1,5.2,4.1,127.7,90.523,22.64,6.02,2.56253813300793,2.1215596330275144,2.9838709677419306,57.33148019457956,4.29950432876991,2.6203534430225606
1999-11-30,168.4,178.4,5.42,4.1,128.3,90.9618,24.97,6.18,2.6203534430225606,2.0594965675057253,3.8025889967637783,94.31906614785991,4.884601547870515,2.676399026763998
1999-12-31,168.8,178.7,5.3,4.0,127.8,91.6634,26.08,6.45,2.676399026763998,1.8814139110604255,4.071661237785018,131.20567375886526,5.216917187508963,2.792956891317555
2000-01-31,169.3,179.3,5.45,4.0,128.3,91.538,27.18,6.68,2.792956891317555,2.1070615034168627,4.393816110659077,117.96311146752205,4.620955049951481,3.2179720704310855
2000-02-29,170.0,179.4,5.73,4.1,129.8,91.8239,29.35,6.42,3.2179720704310855,2.1640091116173155,6.132461161079328,144.3796835970025,4.313335681097841,3.762135922330101
2000-03-31,171.0,180.0,5.85,4.0,130.8,92.1504,29.89,6.03,3.762135922330101,2.4473534433693933,6.688417618270814,103.88813096862211,4.447293166354416,3.013863773357439
2000-04-30,170.9,180.3,6.02,3.8,130.7,92.6989,25.74,6.23,3.013863773357439,2.2688598979013097,5.744336569579289,48.44290657439445,4.828026846244748,3.1325301204819134
2000-05-31,171.2,180.7,6.27,4.0,131.6,92.9499,28.78,6.29,3.1325301204819134,2.3796033994334165,5.533279871692054,62.14084507042254,4.451469064576807,3.7349397590361377
2000-06-30,172.2,181.1,6.53,4.0,133.8,92.9862,31.83,6.03,3.7349397590361377,2.5481313703284325,6.869009584664543,77.92062604807153,4.574285752844154,3.5992801439711952
2000-07-31,172.7,181.5,6.54,4.0,133.7,92.8048,29.77,6.04,3.5992801439711952,2.4844720496894457,6.364359586316626,48.33084205281515,3.7698485910728996,3.3512866546977715
2000-08-31,172.7,181.9,6.5,4.1,132.9,92.5521,31.22,5.73,3.3512866546977715,2.5944726452340694,4.728132387706863,46.84854186265286,3.0734226950164922,3.45649582836709
2000-09-30,173.6,182.3,6.52,3.9,134.7,92.9792,33.88,5.8,3.45649582836709,2.53093363329584,5.234374999999991,41.87604690117255,3.968806853188922,3.4503271861986873
2000-10-31,173.9,182.6,6.51,3.9,135.4,92.6179,33.08,5.77,3.4503271861986873,2.5266704098820814,6.029757243539557,46.11307420494699,2.3142184859096693,3.444180522565321
2000-11-30,174.2,183.1,6.51,3.9,135.0,92.6438,34.4,5.48,3.444180522565321,2.6345291479820565,5.222135619641466,37.765318382058474,1.8491278756576968,3.4360189573459543
2000-12-31,174.6,183.3,6.4,3.9,136.2,92.3415,28.46,5.12,3.4360189573459543,2.5741466144376224,6.572769953051627,9.125766871165663,0.7397718173229428,3.7212049616065945
2001-01-31,175.6,183.9,5.98,4.2,140.0,91.902,29.58,5.19,3.7212049616065945,2.5655326268823275,9.119251753702251,8.830022075055188,0.3976490637767949,3.529411764705892
2001-02-28,176.0,184.4,5.49,4.2,137.4,91.3034,29.61,4.92,3.529411764705892,2.7870680044593144,5.855161787365182,0.8858603066439485,-0.5668458865284554,2.9824561403508643
2001-03-31,176.1,184.7,5.31,4.3,135.9,91.1162,27.24,4.93,2.9824561403508643,2.6111111111110974,3.8990825688073327,-8.865841418534636,-1.122295725249156,3.2182562902282053
2001-04-30,176.4,185.1,4.8,4.4,136.4,90.7891,27.41,5.35,3.2182562902282053,2.66222961730449,4.361132364192821,6.487956487956503,-2.0602186217959284,3.5630841121495394
2001-05-31,177.3,185.3,4.21,4.3,136.8,90.3555,28.64,5.43,3.5630841121495394,2.54565578306587,3.951367781155035,-0.48644892286310304,-2.791181055600911,3.193960511033689
2001-06-30,177.7,186.0,3.97,4.5,135.5,89.8784,27.6,5.42,3.193960511033689,2.705687465488693,1.2705530642750373,-13.289349670122519,-3.3422163718917375,2.7214823393167498
2001-07-31,177.4,186.4,3.77,4.6,133.4,89.3028,26.45,5.07,2.7214823393167498,2.6997245179063434,-0.2243829468960179,-11.15216661068189,-3.773511714911293,2.7214823393167498
2001-08-31,177.4,186.7,3.65,4.9,133.4,89.2003,27.47,4.85,2.7214823393167498,2.638812534359536,0.3762227238525151,-12.011531069827031,-3.6215277665228585,2.5921658986175045
2001-09-30,178.1,187.1,3.07,5.0,133.3,88.7485,25.88,4.6,2.5921658986175045,2.6330224904004274,-1.0393466963622644,-23.612750885478164,-4.55015745457048,2.127659574468077
2001-10-31,177.6,187.4,2.49,5.3,130.3,88.5052,22.21,4.3,2.127659574468077,2.6286966046002336,-3.7666174298375155,-32.85973397823457,-4.440502321905382,1.894374282433997
2001-11-30,177.5,188.1,2.09,5.5,129.8,87.97,19.67,4.78,1.894374282433997,2.730748225013646,-3.8518518518518396,-42.819767441860456,-5.044913960783126,1.603665521191311
2001-12-31,177.4,188.4,1.82,5.7,128.1,87.9324,19.33,5.07,1.603665521191311,2.782324058919805,-5.947136563876654,-32.0801124385102,-4.774776238202749,1.1958997722095743
2002-01-31,177.7,188.7,1.73,5.7,128.5,88.5176,19.67,5.07,1.1958997722095743,2.610114192495905,-8.214285714285719,-33.5023664638269,-3.682618441383212,1.1363636363636465
2002-02-28,178.0,189.1,1.74,5.7,128.4,88.5278,20.74,4.88,1.1363636363636465,2.5488069414316694,-6.550218340611358,-29.956095913542725,-3.0399744149724905,1.3628620102214661
2002-03-31,178.5,189.2,1.73,5.7,129.8,89.1686,24.42,5.42,1.3628620102214661,2.4363833243096877,-4.488594554819714,-10.352422907488979,-2.1374903694403535,1.643990929705219
2002-04-30,179.3,189.7,1.75,5.9,130.8,89.604,26.27,5.11,1.643990929705219,2.485143165856285,-4.105571847507328,-4.159066034294057,-1.3053329089064758,1.2408347433727984
2002-05-31,179.5,190.0,1.75,5.8,130.8,89.964,27.02,5.08,1.2408347433727984,2.5364274150026844,-4.385964912280704,-5.656424581005592,-0.43328851038398897,1.0692177827799743
2002-06-30,179.6,190.2,1.75,5.8,130.9,90.7061,25.52,4.86,1.0692177827799743,2.2580645161290214,-3.394833948339482,-7.536231884057976,0.920910919642548,1.465614430665152
2002-07-31,180.0,190.5,1.73,5.8,131.2,90.6769,26.94,4.51,1.465614430665152,2.1995708154506355,-1.6491754122938684,1.8525519848771266,1.5386975548359105,1.747463359639223
2002-08-31,180.5,191.1,1.74,5.7,131.5,90.5762,28.38,4.14,1.747463359639223,2.3567220139260936,-1.4242878560719707,3.3127047688387368,1.5424836015125454,1.516002245929271
2002-09-30,180.8,191.3,1.75,5.7,132.3,90.6531,29.67,3.63,1.516002245929271,2.2447888829502993,-0.750187546886727,14.644513137557968,2.146064440525741,2.0270270270270174
2002-10-31,181.2,191.5,1.75,5.7,133.2,90.4643,28.85,3.93,2.0270270270270174,2.187833511205972,2.2256331542593877,29.896443043674026,2.2135422551443185,2.2535211267605604
2002-11-30,181.5,191.9,1.34,5.9,133.1,90.9711,26.27,4.22,2.2535211267605604,2.020202020202033,2.5423728813559254,33.55363497712251,3.4115039217915255,2.4802705749718212
2002-12-31,181.8,192.1,1.24,6.0,132.9,90.4652,29.42,3.83,2.4802705749718212,1.9639065817409707,3.74707259953162,52.19865494050702,2.880394484854265,2.757456387169399
2003-01-31,182.6,192.4,1.24,5.8,135.3,91.2361,32.94,4.0,2.757456387169399,1.9607843137255054,5.2918287937743225,67.46314184036602,3.071140654513904,3.146067415730336
2003-02-28,183.6,192.5,1.26,5.9,137.6,91.3445,35.87,3.71,3.146067415730336,1.7979904812268632,7.1651090342679025,72.95081967213115,3.1817124112425654,3.025210084033625
2003-03-31,183.9,192.5,1.25,5.9,141.2,91.1044,33.55,3.83,3.025210084033625,1.744186046511631,8.78274268104775,37.38738738738736,2.1709435832793167,2.175125488008911
2003-04-30,183.2,192.5,1.26,6.0,136.8,90.5617,28.25,3.89,2.175125488008911,1.4760147601476037,4.587155963302747,7.537114579368098,1.0688138922369639,1.8941504178273005
2003-05-31,182.9,192.9,1.26,6.1,136.7,90.537,28.14,3.37,1.8941504178273005,1.5263157894736867,4.510703363914348,4.145077720207269,0.636921435240767,1.948775055679297
2003-06-30,183.1,193.0,1.22,6.3,138.0,90.6527,30.72,3.54,1.948775055679297,1.4721345951629994,5.42398777692894,20.376175548589348,-0.05887145406980876,2.055555555555544
2003-07-31,183.7,193.4,1.01,6.2,137.7,91.1185,30.76,4.49,2.055555555555544,1.522309711286085,4.9542682926829285,14.179658500371195,0.48700385655000566,2.216066481994461
2003-08-31,184.5,193.6,1.03,6.1,138.0,90.9197,31.59,4.45,2.216066481994461,1.3082155939298845,4.94296577946769,11.310782241014806,0.37923869625795525,2.378318584070782
2003-09-30,185.1,193.7,1.01,6.1,138.5,91.5059,28.29,3.96,2.378318584070782,1.2545739675901668,4.686318972033243,-4.651162790697683,0.9407289987876988,2.041942604856528
2003-10-31,184.9,194.0,1.01,6.0,139.3,91.6186,30.33,4.33,2.041942604856528,1.305483028720622,4.579579579579596,5.129982668977462,1.2759729528664998,1.9283746556473913
2003-11-30,185.0,194.0,1.0,5.8,138.9,92.2329,31.09,4.34,1.9283746556473913,1.094319958311618,4.357625845229163,18.347925390178908,1.387033904173962,2.0352035203520247
2003-12-31,185.5,194.2,0.98,5.7,139.5,92.2602,32.15,4.27,2.0352035203520247,1.0931806350858997,4.966139954853266,9.27940176750508,1.9841883950955763,2.026286966046009
2004-01-31,186.3,194.6,1.0,5.7,141.4,92.4006,34.27,4.16,2.026286966046009,1.1434511434511352,4.508499630450835,4.0376442015786385,1.2763588097255418,1.688453159041381
2004-02-29,186.7,194.9,1.01,5.6,142.1,92.958,34.74,3.99,1.688453159041381,1.2467532467532516,3.2703488372092915,-3.1502648452745863,1.7663898756903773,1.7400761283306032
2004-03-31,187.1,195.5,1.0,5.8,143.1,92.5861,36.76,3.86,1.7400761283306032,1.558441558441559,1.3456090651558172,9.567809239940384,1.626375894029275,2.2925764192139875
2004-04-30,187.4,195.9,1.0,5.6,144.8,92.93,36.69,4.53,2.2925764192139875,1.7662337662337713,5.847953216374258,29.876106194690255,2.615123170170186,2.8977583378895444
2004-05-31,188.2,196.2,1.0,5.6,146.8,93.6013,40.28,4.66,2.8977583378895444,1.710730948678063,7.388441843452842,43.141435678749104,3.38458309862264,3.1676679410158393
2004-06-30,188.9,196.6,1.03,5.6,147.2,92.871,38.02,4.62,3.1676679410158393,1.865284974093262,6.666666666666665,23.76302083333335,2.447031362551799,2.939575394665228
2004-07-31,189.1,196.8,1.26,5.5,147.4,93.5649,40.69,4.5,2.939575394665228,1.7580144777662898,7.044299201161963,32.282184655396605,2.6848554355043186,2.5474254742547275
2004-08-31,189.2,196.9,1.43,5.4,148.0,93.6277,44.94,4.13,2.5474254742547275,1.7045454545454586,7.246376811594213,42.260208926875585,2.9784524146032165,2.5391680172879516
2004-09-30,189.8,197.5,1.61,5.4,147.7,93.7467,45.95,4.14,2.5391680172879516,1.961796592669085,6.642599277978323,62.42488511841642,2.448803847620762,3.1909140075716547
2004-10-31,190.8,197.9,1.76,5.5,150.0,94.5465,53.13,4.05,3.1909140075716547,2.0103092783505083,7.681263460157917,75.17309594460933,3.1957484615569243,3.621621621621607
2004-11-30,191.7,198.3,1.93,5.4,151.4,94.7813,48.46,4.36,3.621621621621607,2.216494845360839,8.999280057595382,55.8700546799614,2.763005391785356,3.3423180592991875
2004-12-31,191.7,198.6,2.16,5.4,150.2,95.5365,43.33,4.24,3.3423180592991875,2.2657054582904346,7.670250896057329,34.774494556765156,3.551152067738861,2.8448738593666034
2005-01-31,191.6,199.0,2.28,5.3,150.9,95.8801,46.84,4.14,2.8448738593666034,2.261048304213764,6.718528995756712,36.67931135103588,3.7656681883018184,3.0530262453133394
2005-02-28,192.4,199.4,2.5,5.4,151.6,96.5761,47.97,4.36,3.0530262453133394,2.308876346844535,6.685432793807178,38.082901554404124,3.8921878697906642,3.2068412613575736
2005-03-31,193.1,200.1,2.63,5.2,153.7,96.4456,54.31,4.5,3.2068412613575736,2.35294117647058,7.407407407407396,47.742110990206754,4.168552298887196,3.3617929562433257
2005-04-30,193.7,200.2,2.79,5.2,155.0,96.6532,53.04,4.21,3.3617929562433257,2.1949974476773715,7.044198895027609,44.56255110384302,4.006456472613795,2.869287991498415
2005-05-31,193.6,200.5,3.0,5.1,154.3,96.7402,49.83,4.0,2.869287991498415,2.1916411824668858,5.108991825613085,23.709036742800382,3.3534790649275337,2.541026998411855
2005-06-30,193.7,200.6,3.04,5.0,154.3,97.1753,56.26,3.94,2.541026998411855,2.0345879959308144,4.823369565217406,47.974750131509715,4.6347083589064475,3.067160232681121
2005-07-31,194.9,200.9,3.26,5.0,156.3,96.8676,58.7,4.28,3.067160232681121,2.083333333333326,6.0379918588873815,44.26148930941265,3.5298493345260917,3.6469344608879517
2005-08-31,196.1,201.1,3.5,4.9,157.6,97.1833,64.97,4.02,3.6469344608879517,2.1330624682579957,6.486486486486487,44.57053849577215,3.797594088074363,4.741833508956805
2005-09-30,198.8,201.3,3.62,5.0,162.2,95.3005,65.57,4.34,4.741833508956805,1.9240506329113893,9.817197020988488,42.69858541893361,1.6574450087309733,4.350104821802936
2005-10-31,199.1,202.0,3.78,5.0,166.2,96.4572,62.37,4.57,4.350104821802936,2.071753410813537,10.799999999999986,17.391304347826075,2.0209103457029087,3.3385498174230532
2005-11-30,198.1,202.5,4.0,5.0,163.7,97.5414,58.3,4.49,3.3385498174230532,2.1180030257186067,8.124174372523107,20.305406520841917,2.9120723180627417,3.3385498174230532
2005-12-31,198.1,202.8,4.16,4.9,163.0,98.0452,59.43,4.39,3.3385498174230532,2.114803625377659,8.521970705725712,37.15670436187399,2.6259073757150198,4.018789144050117
2006-01-31,199.3,203.2,4.29,4.7,164.3,98.1999,65.51,4.53,4.018789144050117,2.1105527638190846,8.880053015241884,39.859094790777114,2.4194801632455576,3.63825363825363
2006-02-28,199.4,203.6,4.49,4.8,161.8,98.2413,61.63,4.55,3.63825363825363,2.106318956870612,6.728232189973626,28.476130915155306,1.7242361205308532,3.4179181771103018
2006-03-31,199.7,204.3,4.59,4.7,162.2,98.4628,62.9,4.86,3.4179181771103018,2.0989505247376306,5.530253741054003,15.816608359418138,2.091541760329152,3.613835828600931
2006-04-30,200.7,204.8,4.79,4.7,164.3,98.7618,69.69,5.07,3.613835828600931,2.29770229770232,6.000000000000005,31.391402714932127,2.1816142662632876,3.9772727272727293
2006-05-31,201.3,205.4,4.94,4.6,165.8,98.7869,70.94,5.12,3.9772727272727293,2.44389027431422,7.453013609850934,42.36403772827615,2.1156664964513183,4.1817243159525175
2006-06-30,201.8,205.9,4.99,4.6,166.1,99.0997,70.96,5.15,4.1817243159525175,2.6420737786640114,7.647440051847032,26.12868823320298,1.9803386251444621,4.104669061056954
2006-07-31,202.9,206.3,5.24,4.7,166.8,99.0489,74.41,4.99,4.104669061056954,2.6879044300647026,6.717850287907878,26.76320272572401,2.251836527383766,3.926568077511483
2006-08-31,203.8,206.8,5.25,4.7,167.9,99.4836,73.05,4.74,3.926568077511483,2.8344107409249197,6.535532994923865,12.436509158072951,2.3669704568583194,2.012072434607637
2006-09-30,202.8,207.2,5.25,4.5,165.4,99.3183,63.87,4.64,2.012072434607637,2.930948832588176,1.9728729963008673,-2.59264907732194,4.2159275134967755,1.4063284781516971
2006-10-31,201.9,207.6,5.25,4.4,162.2,99.2044,58.88,4.61,1.4063284781516971,2.7722772277227747,-2.4067388688327362,-5.5956389289722575,2.8481025781383007,1.9687026754164672
2006-11-30,202.0,207.8,5.25,4.5,164.6,99.1627,59.37,4.46,1.9687026754164672,2.6172839506172885,0.5497861942577842,1.8353344768439195,1.6621660136106442,2.5239777889954462
2006-12-31,203.1,208.1,5.24,4.4,165.6,100.1735,62.03,4.71,2.5239777889954462,2.6134122287968298,1.595092024539868,4.374894834258791,2.1707334984272686,2.075765178123423
2007-01-31,203.437,208.6,5.25,4.6,164.0,99.8346,54.57,4.83,2.075765178123423,2.657480314960625,-0.1825928180158365,-16.699740497633954,1.6646656462990128,2.420260782347028
2007-02-28,204.226,209.135,5.26,4.5,166.8,100.7753,59.26,4.56,2.420260782347028,2.71856581532417,3.0902348578492056,-3.845529774460499,2.5793632616832207,2.798197295943927
2007-03-31,205.288,209.418,5.26,4.4,169.3,100.9547,60.56,4.65,2.798197295943927,2.5051395007342103,4.3773119605425626,-3.7201907790142985,2.5308035115800154,2.5929247633283525
2007-04-30,205.904,209.747,5.25,4.5,171.4,101.6334,63.97,4.63,2.5929247633283525,2.4155273437499902,4.321363359707853,-8.207777299469077,2.9076019270608766,2.709885742672613
2007-05-31,206.755,210.058,5.25,4.4,173.3,101.7306,63.46,4.9,2.709885742672613,2.267770204479058,4.523522316043427,-10.544121793064553,2.9798485426711263,2.692765113974227
2007-06-30,207.234,210.392,5.25,4.6,173.8,101.7893,67.48,5.03,2.692765113974227,2.181641573579407,4.635761589403975,-4.904171364148802,2.7140344521729087,2.3178905864958077
2007-07-31,207.603,210.773,5.26,4.7,175.1,101.6672,74.18,4.78,2.3178905864958077,2.1682016480853106,4.9760191846522694,-0.3090982394839292,2.6434417747193573,1.897448478900876
2007-08-31,207.667,211.119,5.02,4.6,172.4,101.863,72.39,4.54,1.897448478900876,2.0884912959380886,2.6801667659321016,-0.9034907597535891,2.3917510021752353,2.8338264299802685
2007-09-30,208.547,211.554,4.94,4.7,173.5,102.0894,79.93,4.59,2.8338264299802685,2.101351351351366,4.897218863361541,25.144825426647888,2.7901202497425004,3.610698365527476
2007-10-31,209.19,212.077,4.76,4.7,174.7,101.8015,86.2,4.48,3.610698365527476,2.1565510597302495,7.7065351418002415,46.39945652173913,2.6179282370540014,4.373267326732666
2007-11-30,210.834,212.66,4.49,4.7,179.0,102.3446,94.62,3.97,4.373267326732666,2.3387872954764077,8.748481166464162,59.373420919656404,3.2087670061424323,4.108813392417532
2007-12-31,211.445,213.168,4.24,5.0,178.6,102.3803,91.73,4.04,4.108813392417532,2.4353676117251366,7.85024154589371,47.88005803643398,2.2029778334589523,4.294695655165981
2008-01-31,212.174,213.771,3.94,5.0,181.0,102.2448,92.95,3.67,4.294695655165981,2.4789069990412305,10.365853658536594,70.33168407549937,2.4141930753466267,4.142959270611968
2008-02-29,212.687,213.939,2.98,4.9,182.7,101.8438,95.35,3.53,4.142959270611968,2.29708083295479,9.532374100719409,60.901113736078294,1.0602796518591306,3.9749035501344343
2008-03-31,213.448,214.42,2.61,5.1,187.9,101.5336,105.56,3.45,3.9749035501344343,2.388524386633417,10.986414648552856,74.30647291941877,0.5734255066876637,3.9037609759888126
2008-04-30,213.942,214.56,2.28,5.0,190.9,100.8785,112.57,3.77,3.9037609759888126,2.294669292051843,11.376896149358217,75.97311239643582,-0.7427676334748168,4.088413823123993
2008-05-31,215.208,214.936,1.98,5.4,196.6,100.2674,125.39,4.06,4.088413823123993,2.3222157689781087,13.44489324870166,97.589032461393,-1.4383086308347726,4.935966105947864
2008-06-30,217.463,215.424,2.0,5.6,200.5,100.0335,133.93,3.99,4.935966105947864,2.3917259211376996,15.362485615650169,98.47362181387078,-1.724935725071297,5.497512078341837
2008-07-31,219.016,215.965,2.01,5.8,205.5,99.676,133.44,3.99,5.497512078341837,2.463313612274831,17.361507709880076,79.88676193043945,-1.9585471027037116,5.308017162091239
2008-08-31,218.69,216.393,2.0,6.1,199.0,98.1111,116.61,3.83,5.308017162091239,2.4981171756213394,15.4292343387471,61.0857853294654,-3.6832804845724265,4.953319875136075
2008-09-30,218.877,216.713,1.81,6.1,196.9,93.7895,103.9,3.85,4.953319875136075,2.4386208722122937,13.487031700288178,29.98874014762918,-8.130031129578574,3.7310578899565128
2008-10-31,216.995,216.788,0.97,6.5,186.4,94.7219,76.65,4.01,3.7310578899565128,2.2213629955157854,6.69719519175731,-11.078886310904867,-6.954317961916079,1.0999174706166848
2008-11-30,213.153,216.947,0.39,6.8,176.8,93.4715,57.44,2.93,1.0999174706166848,2.015893915169764,-1.229050279329602,-39.29401817797506,-8.669827230747885,-0.02222800255385904
2008-12-31,211.398,216.925,0.16,7.3,170.9,90.8357,41.02,2.25,-0.02222800255385904,1.7624596562335837,-4.311310190369532,-55.28180529815763,-11.276192783181926,-0.11358601902212717
2009-01-31,211.933,217.346,0.15,7.8,171.2,88.57,41.74,2.87,-0.11358601902212717,1.6723503187990874,-5.414364640883984,-55.094136632598165,-13.374567704176643,0.008463140671510772
2009-02-28,212.705,217.792,0.22,8.3,169.3,88.031,39.16,3.02,0.008463140671510772,1.800980653363804,-7.334428024083184,-58.930256948086004,-13.562730377303279,-0.4464787676623838
2009-03-31,212.495,218.253,0.18,8.7,168.1,86.6528,47.98,2.71,-0.4464787676623838,1.7876130957932945,-10.537519957424168,-54.54717696097007,-14.656035046526473,-0.5763244243767063
2009-04-30,212.709,218.706,0.15,9.0,169.1,85.9344,49.79,3.16,-0.5763244243767063,1.93232662192393,-11.419591409114727,-55.76974327085369,-14.81395936696125,-1.015761495855172
2009-05-31,213.022,218.904,0.18,9.4,170.8,85.0665,59.16,3.47,-1.015761495855172,1.8461309413034588,-13.123092573753803,-52.81920408326023,-15.160361194166793,-1.2291746182109153
2009-06-30,214.79,219.112,0.21,9.5,174.1,84.7459,69.68,3.53,-1.2291746182109153,1.7119726678550107,-13.167082294264343,-47.972821623236015,-15.282480369076357,-1.9587610037622771
2009-07-31,214.726,219.263,0.16,9.5,172.5,85.7027,64.09,3.52,-1.9587610037622771,1.5270992984974363,-16.058394160583944,-51.97092326139088,-14.018720654921957,-1.4838355663267633
2009-08-31,215.445,219.496,0.16,9.6,175.0,86.6426,71.06,3.4,-1.4838355663267633,1.4339650543224725,-12.060301507537686,-39.06183003172969,-11.689299172061052,-1.377942862886472
2009-09-30,215.861,219.92,0.15,9.8,174.1,87.4063,69.46,3.31,-1.377942862886472,1.4798373886199645,-11.579481970543426,-33.147256977863336,-6.805879122929537,-0.22396829420033848
2009-10-31,216.509,220.501,0.12,10.0,175.2,87.6419,75.82,3.41,-0.22396829420033848,1.7127331771131127,-6.008583690987135,-1.0828440965427455,-7.474512230012276,1.9145871744709275
2009-11-30,217.234,220.666,0.12,9.9,177.4,88.0221,78.08,3.21,1.9145871744709275,1.714243571010421,0.33936651583710287,35.93314763231199,-5.83001235670767,2.8141231232083674
2009-12-31,217.347,220.881,0.12,9.9,178.1,88.3793,74.3,3.85,2.8141231232083674,1.8236717759594345,4.21299005266238,81.13115553388587,-2.704223119324234,2.6211113889767157
2010-01-31,217.488,220.633,0.11,9.8,181.9,89.3426,78.22,3.63,2.6211113889767157,1.5123351706495702,6.25,87.39817920459988,0.87230439200634,2.151336357866529
2010-02-28,217.281,220.731,0.13,9.8,181.0,89.6779,76.42,3.61,2.151336357866529,1.3494526888039982,6.910809214412272,95.14811031664966,1.8708182344855606,2.2861714393279886
2010-03-31,217.353,220.783,0.16,9.9,183.3,90.2928,81.24,3.84,2.2861714393279886,1.1592051426555505,9.042236763831069,69.3205502292622,4.200672107537207,2.2067707525304403
2010-04-30,217.403,220.822,0.2,9.9,184.4,90.5991,84.48,3.69,2.2067707525304403,0.9675088932173947,9.047900650502672,69.67262502510545,5.4282103558062955,2.003548929218568
2010-05-31,217.29,220.962,0.2,9.6,184.8,91.823,73.84,3.31,2.003548929218568,0.9401381427474931,8.196721311475418,24.81406355645708,7.942609605426321,1.1215605940686268
2010-06-30,217.199,221.194,0.18,9.4,183.5,91.9928,75.35,2.97,1.1215605940686268,0.9501989849939774,5.399195864445727,8.137198622273223,8.551328146848402,1.3407784804821077
2010-07-31,217.605,221.363,0.18,9.4,184.1,92.3421,76.37,2.94,1.3407784804821077,0.9577539302116689,6.724637681159407,19.160555468871898,7.747013804699288,1.1501775395112546
2010-08-31,217.923,221.509,0.19,9.5,184.9,92.6805,76.82,2.47,1.1501775395112546,0.9171009950067255,5.6571428571428495,8.105826062482402,6.968742858593813,1.1183122472331775
2010-09-30,218.275,221.711,0.19,9.5,184.9,92.9537,75.31,2.53,1.1183122472331775,0.8143870498363182,6.203331418724867,8.422113446587986,6.346682104150392,1.1666951489314625
2010-10-31,219.035,221.83,0.19,9.4,186.6,92.6903,81.9,2.63,1.1666951489314625,0.6027183550187942,6.506849315068486,8.018992350303368,5.760258506490601,1.084544776600338
2010-11-30,219.59,222.149,0.19,9.8,187.7,92.7709,84.14,2.81,1.084544776600338,0.672056411046551,5.806087936865834,7.761270491803285,5.39500875348351,1.437793022217937
2010-12-31,220.472,222.343,0.18,9.3,189.7,93.6787,89.04,3.3,1.437793022217937,0.6618948664665503,6.513194834362723,19.838492597577396,5.996200467756596,1.7007834915029774
2011-01-31,221.187,222.803,0.17,9.1,192.7,93.4814,89.42,3.42,1.7007834915029774,0.9835337415527112,5.937328202308945,14.318588596266935,4.632504538708293,2.124898173333145
2011-02-28,221.898,223.213,0.16,9.0,195.8,93.1102,89.58,3.42,2.124898173333145,1.124445592146106,8.176795580110507,17.220622873593292,3.827364378514675,2.619241510354109
2011-03-31,223.046,223.454,0.14,9.0,199.2,94.0788,102.94,3.47,2.619241510354109,1.2097851736773357,8.674304418985269,26.71097981290005,4.193025357503588,3.0772344447868694
2011-04-30,224.093,223.727,0.1,9.1,203.1,93.7749,110.04,3.32,3.0772344447868694,1.3155392125784537,10.1409978308026,30.255681818181813,3.505332834432129,3.4589718808964998
2011-05-31,224.806,224.175,0.09,9.0,204.1,93.888,101.33,3.05,3.4589718808964998,1.4540961794335727,10.443722943722932,37.22914409534126,2.248891889831528,3.5023181506360412
2011-06-30,224.806,224.697,0.09,9.1,203.9,94.172,96.29,3.18,3.5023181506360412,1.5836776766096738,11.11716621253407,27.79031187790313,2.3688810428642126,3.5798809769996165
2011-07-31,225.395,225.218,0.07,9.0,204.6,94.636,97.19,2.82,3.5798809769996165,1.741483445742964,11.135252580119491,27.26201387979572,2.484132372991299,3.75499603070808
2011-08-31,226.106,225.862,0.1,9.0,203.2,95.2749,86.33,2.23,3.75499603070808,1.9651571719433658,9.897241752298536,12.379588648789387,2.7992943499441703,3.812621692818685
2011-09-30,226.597,226.118,0.08,9.0,203.7,95.1961,85.61,1.92,3.812621692818685,1.9877227562006272,10.167658193618156,13.67680254946222,2.4123837996766095,3.5222681306640524
2011-10-31,226.75,226.506,0.07,8.8,201.1,95.8568,86.41,2.17,3.5222681306640524,2.1079204796465634,7.770632368703101,5.506715506715487,3.4162150732061747,3.451432214581729
2011-11-30,227.169,226.899,0.08,8.6,201.4,95.8485,97.21,2.08,3.451432214581729,2.138204538395394,7.298881193393725,15.53363441882576,3.3174195787687877,3.062066838419386
2011-12-31,227.223,227.405,0.07,8.5,199.8,96.3571,98.57,1.89,3.062066838419386,2.276662633858506,5.324196099103862,10.703054806828384,2.859134467066693,3.0087663379855023
2012-01-31,227.842,227.877,0.08,8.3,200.7,96.9318,100.24,1.83,3.0087663379855023,2.2773481506083826,4.1515308770109005,12.100201297248937,3.6910016324102957,2.8981784423473878
2012-02-29,228.329,228.034,0.1,8.3,201.6,97.2435,102.25,1.98,2.8981784423473878,2.1598204405657295,2.962206332992845,14.143782094217471,4.439148449901298,2.5828752813320977
2012-03-31,228.807,228.478,0.13,8.2,204.2,96.74,106.19,2.23,2.5828752813320977,2.2483374654291177,2.5100401606425793,3.157178939187877,2.8286925428470555,2.2731633741348567
2012-04-30,229.187,228.905,0.14,8.2,203.7,97.4359,103.33,1.95,2.2731633741348567,2.314427851801515,0.2954209748892156,-6.0977826245001925,3.9040297563633697,1.7379429374660749
2012-05-31,228.713,229.224,0.16,8.2,201.9,97.6609,94.7,1.59,1.7379429374660749,2.252258280361308,-1.0779029887310054,-6.542978387446952,4.0185114178595605,1.653870448297634
2012-06-30,228.524,229.623,0.16,8.2,199.8,97.6663,82.41,1.67,1.653870448297634,2.192285611289857,-2.0107896027464434,-14.414788659258504,3.7105509068513065,1.4175114798464783
2012-07-31,228.59,229.97,0.16,8.2,200.1,97.8713,87.93,1.51,1.4175114798464783,2.109955687378462,-2.1994134897360684,-9.527729190245903,3.418677881567289,1.6859349154821235
2012-08-31,229.918,230.233,0.13,8.1,202.7,97.4525,94.16,1.57,1.6859349154821235,1.9352524993137443,-0.24606299212598381,9.06984825668944,2.285596731143258,1.9497168982819613
2012-09-30,231.015,230.659,0.14,7.8,204.4,97.381,94.72,1.65,1.9497168982819613,2.0082434834909124,0.3436426116838476,10.641280224272865,2.2951570495009843,2.1556780595369363
2012-10-31,231.638,231.024,0.16,7.8,203.5,97.7193,89.57,1.72,2.1556780595369363,1.9946491483669337,1.1934361014420691,3.6569841453535368,1.9430024786973865,1.7960197033926262
2012-11-30,231.249,231.33,0.16,7.7,201.8,98.0777,86.66,1.62,1.7960197033926262,1.9528512686261434,0.19860973187686426,-10.852792922538834,2.3257536633332743,1.7595049796895523
2012-12-31,231.221,231.725,0.16,7.9,201.5,98.3101,88.25,1.78,1.7595049796895523,1.8996943778720743,0.8508508508508372,-10.469716952419594,2.0268355938483085,1.684061762098299
2013-01-31,231.679,232.229,0.14,8.0,202.5,98.3342,94.69,2.02,1.684061762098299,1.9098022178631435,0.8968609865470878,-5.536711891460488,1.4467904237824847,2.0181404902574807
2013-02-28,232.937,232.569,0.15,7.7,204.3,98.7941,95.32,1.89,2.0181404902574807,1.9887385214485631,1.3392857142857206,-6.777506112469444,1.5945538776370727,1.5187472411246183
2013-03-31,232.282,232.794,0.14,7.5,204.0,99.1921,93.05,1.87,1.5187472411246183,1.8890221377988237,-0.09794319294808007,-12.374046520387981,2.534732272069462,1.138808047576867
2013-04-30,231.797,232.832,0.15,7.6,203.5,99.1065,92.07,1.7,1.138808047576867,1.715558856294086,-0.09818360333824216,-10.897125713732702,1.7145631127746475,1.3903888279197085
2013-05-31,231.893,232.996,0.11,7.5,204.1,99.1839,94.8,2.16,1.3903888279197085,1.6455519491850756,1.08964834076275,0.10559662090812161,1.5594777439077445,1.7157935271568725
2013-06-30,232.445,233.35,0.09,7.5,204.3,99.3897,95.8,2.52,1.7157935271568725,1.6230952474272975,2.2522522522522515,16.24802815192332,1.7645800035426706,1.885471805415806
2013-07-31,232.9,233.88,0.09,7.3,204.4,99.0814,104.61,2.6,1.885471805415806,1.7002217680567089,2.148925537231383,18.969634936881597,1.2364196654177428,1.538809488600279
2013-08-31,233.456,234.336,0.08,7.2,204.2,99.6543,106.57,2.78,1.538809488600279,1.782107690904433,0.7400098667982302,13.179694137638066,2.2593571227008002,1.0947341081747997
2013-09-30,233.544,234.7,0.08,7.2,203.9,100.161,106.29,2.64,1.0947341081747997,1.7519368418314363,-0.24461839530333096,12.214949324324342,2.854766330187619,0.8767991434911471
2013-10-31,233.669,234.921,0.09,7.2,202.5,100.082,100.54,2.57,0.8767991434911471,1.686837731144819,-0.49140049140049546,12.247404264820826,2.4178437626957816,1.2328701961954458
2013-11-30,234.1,235.359,0.08,6.9,201.2,100.3158,93.86,2.75,1.2328701961954458,1.7416677473738762,-0.29732408325074955,8.308331410108472,2.281966236973343,1.5128383667573297
2013-12-31,234.719,235.759,0.09,6.7,202.0,100.5175,97.63,3.04,1.5128383667573297,1.7408566188369834,0.2481389578163684,10.628895184135967,2.245344069429267,1.557758795574915
2014-01-31,235.288,235.961,0.07,6.6,203.8,100.1599,94.62,2.67,1.557758795574915,1.6070344358370292,0.6419753086419844,-0.0739254409124479,1.8566277042981971,1.1204746347724948
2014-02-28,235.547,236.185,0.07,6.7,205.7,100.9168,100.82,2.66,1.1204746347724948,1.5548073904948723,0.6852667645619093,5.770037767519942,2.148610089064018,1.6126949139408042
2014-03-31,236.028,236.625,0.08,6.7,207.0,101.8942,100.8,2.73,1.6126949139408042,1.6456609706435588,1.4705882352941124,8.32885545405695,2.724108069090181,2.015125303606169
2014-04-30,236.468,237.072,0.09,6.2,208.3,101.9928,102.07,2.67,2.015125303606169,1.8210555250137483,2.358722358722365,10.861301183881821,2.9123215934373725,2.166947687079812
2014-05-31,236.918,237.529,0.09,6.3,208.0,102.3836,102.18,2.48,2.166947687079812,1.9455269618362525,1.9108280254777066,7.784810126582298,3.226027611336124,2.0589816945944195
2014-06-30,237.231,237.837,0.1,6.1,208.3,102.735,105.79,2.53,2.0589816945944195,1.9228626526676562,1.95790504160549,10.42797494780794,3.365841732090935,1.9742378703305974
2014-07-31,237.498,238.195,0.09,6.2,208.0,102.9632,103.59,2.58,1.9742378703305974,1.8449632290063356,1.7612524461839474,-0.9750501864066452,3.9177888079901857,1.7150983482969062
2014-08-31,237.46,238.405,0.09,6.1,207.0,102.7688,96.54,2.35,1.7150983482969062,1.73639560289498,1.3712047012732764,-9.411654311719985,3.1253041765382905,1.6840509711232077
2014-09-30,237.477,238.786,0.09,5.9,206.4,103.0641,93.21,2.52,1.6840509711232077,1.7409458883681284,1.2260912211868646,-12.305955405024005,2.89843352202952,1.6095417021513292
2014-10-31,237.43,239.191,0.09,5.7,203.4,103.0764,84.4,2.35,1.6095417021513292,1.817632310436279,0.4444444444444473,-16.053312114581264,2.9919466037849007,1.231524989320798
2014-11-30,236.983,239.458,0.09,5.8,200.9,103.7126,75.79,2.18,1.231524989320798,1.7415947552462452,-0.14910536779323413,-19.252077562326864,3.3861066751199598,0.6531213919623191
2014-12-31,236.252,239.584,0.12,5.6,197.0,103.7044,59.29,2.17,0.6531213919623191,1.6224195046636636,-2.4752475247524774,-39.27071596845232,3.170492700276073,-0.22993097820542818
2015-01-31,234.747,239.811,0.11,5.7,192.0,102.8905,47.22,1.68,-0.22993097820542818,1.631625565241701,-5.789990186457317,-50.09511731135067,2.7262407410550527,-0.08703146293520536
2015-02-28,235.342,240.172,0.11,5.5,191.1,102.2335,50.58,2.0,-0.08703146293520536,1.6880834938713285,-7.097715119105496,-49.8313826621702,1.30473816054415,-0.022031284423873476
2015-03-31,235.976,240.755,0.11,5.4,191.5,101.8914,47.82,1.94,-0.022031284423873476,1.7453777073428434,-7.487922705314009,-52.5595238095238,-0.0027479483621140055,-0.10403098939391064
2015-04-30,236.222,241.346,0.12,5.4,190.9,101.3355,54.45,2.05,-0.10403098939391064,1.802827832894649,-8.353336533845413,-46.654256882531584,-0.6444572558062966,0.03503321824429584
2015-05-31,237.001,241.688,0.12,5.6,193.4,100.8883,59.27,2.12,0.03503321824429584,1.7509440952473199,-7.0192307692307665,-41.99451947543551,-1.460487812501221,0.1795718097550525
2015-06-30,237.657,242.064,0.13,5.3,194.8,100.571,59.82,2.35,0.1795718097550525,1.7772676244655061,-6.481036965914544,-43.454012666603646,-2.106390227283794,0.22568611104094582
2015-07-31,238.034,242.565,0.13,5.2,193.9,101.2228,50.9,2.2,0.22568611104094582,1.8346312894897077,-6.7788461538461515,-50.86398300994305,-1.6903126553953207,0.2413037985344868
2015-08-31,238.033,242.817,0.14,5.1,191.9,101.0367,42.87,2.21,0.2413037985344868,1.8506323273421277,-7.294685990338157,-55.59353635798634,-1.6854337113987983,0.008842961634170088
2015-09-30,237.498,243.316,0.14,5.0,189.1,100.7547,45.48,2.06,0.008842961634170088,1.8970961446650891,-8.381782945736438,-51.20695204377213,-2.2407414414912674,0.12761656067050708
2015-10-31,237.733,243.768,0.12,5.0,187.5,100.2675,46.22,2.16,0.12761656067050708,1.9135335359607986,-7.817109144542778,-45.236966824644554,-2.72506606749946,0.4363182169185187
2015-11-30,238.017,244.241,0.12,5.1,185.7,99.5298,42.44,2.21,0.4363182169185187,1.9974275238246353,-7.565953210552523,-44.003166644676085,-4.033068306068888,0.6387247515364791
2015-12-31,237.761,244.547,0.24,5.0,183.5,99.0417,37.19,2.27,0.6387247515364791,2.0715072792840905,-6.852791878172592,-37.274413897790524,-4.496144811599123,1.2375025026943876
2016-01-31,237.652,244.955,0.34,4.8,182.6,99.5607,31.68,1.94,1.2375025026943876,2.145022538582464,-4.895833333333332,-32.90978398983482,-3.236256019749162,0.8472775790126619
2016-02-29,237.336,245.51,0.38,4.9,181.3,99.0445,30.32,1.74,0.8472775790126619,2.222573822094165,-5.128205128205121,-40.055357848952156,-3.1193297695960798,0.8916160965521946
2016-03-31,238.08,245.913,0.36,5.0,182.1,98.3096,37.55,1.78,0.8916160965521946,2.142426948557663,-4.908616187989557,-21.47636971978253,-3.515311400177057,1.1726257503534843
2016-04-30,238.992,246.551,0.37,5.1,183.2,98.6421,40.75,1.83,1.1726257503534843,2.156654761214183,-4.033525405971716,-25.160697887970617,-2.6579036961380753,1.0784764621246223
2016-05-31,239.557,247.137,0.37,4.8,185.3,98.4184,46.71,1.84,1.0784764621246223,2.2545595974976074,-4.188210961737326,-21.191159102412694,-2.448153056399993,1.0792865347959424
2016-06-30,240.222,247.54,0.38,4.9,187.6,98.8833,48.76,1.49,1.0792865347959424,2.2622116465067066,-3.696098562628347,-18.488799732530925,-1.678117946525337,0.8683633430518256
2016-07-31,240.101,247.829,0.39,4.8,187.7,98.9992,44.65,1.46,0.8683633430518256,2.1701399624842965,-3.1975244971634953,-12.278978388998041,-2.196738284260069,1.0553158595656864
2016-08-31,240.545,248.423,0.4,4.9,186.6,98.85,44.72,1.58,1.0553158595656864,2.3087345614186683,-2.7618551328817187,4.315372055050148,-2.164263084601936,1.5486446201652182
2016-09-30,241.176,248.842,0.4,5.0,186.9,98.7457,45.18,1.6,1.5486446201652182,2.271120682569183,-1.1634056054997344,-0.659630606860151,-1.9939516469206886,1.685924966243646
2016-10-31,241.741,249.142,0.4,4.9,186.7,98.7611,49.78,1.84,1.685924966243646,2.2045551507991146,-0.4266666666666752,7.7022933794894,-1.5023811304759715,1.6843334719788938
2016-11-30,242.026,249.481,0.41,4.7,186.3,98.3491,45.66,2.37,1.6843334719788938,2.1454219398053587,0.3231017770597866,7.587181903864271,-1.1862778785850958,2.0507989115119862
2016-12-31,242.637,249.92,0.54,4.7,188.2,99.0214,51.97,2.45,2.0507989115119862,2.197123661300271,2.5613079019073615,39.74186609303576,-0.02049641716570516,2.5103933482571117
2017-01-31,243.618,250.467,0.65,4.7,190.7,98.7611,52.5,2.45,2.5103933482571117,2.2502092221020176,4.435925520262862,65.71969696969697,-0.8031281419274894,2.8103616813294208
2017-02-28,244.006,250.998,0.66,4.6,191.6,98.3646,53.47,2.36,2.8103616813294208,2.2353468290497336,5.681191395477092,76.35224274406332,-0.6864591168616152,2.44119623655914
2017-03-31,243.892,250.944,0.79,4.4,191.5,99.0137,49.33,2.4,2.44119623655914,2.045845481938735,5.161998901702369,31.371504660452732,0.7162067590550603,2.176223471915395
2017-04-30,244.193,251.227,0.9,4.4,193.0,100.0224,51.06,2.29,2.176223471915395,1.8965650108902388,5.349344978165949,25.300613496932513,1.3993011097695573,1.8563431667619756
2017-05-31,244.004,251.43,0.91,4.4,192.8,100.1408,48.48,2.21,1.8563431667619756,1.7370931912259246,4.04749055585536,3.789338471419379,1.7500792534729248,1.640565809959127
2017-06-30,244.163,251.746,1.04,4.3,193.6,100.3471,45.18,2.31,1.640565809959127,1.6991193342490218,3.1982942430703654,-7.342083675143563,1.4803308546539107,1.7251073506566073
2017-07-31,244.243,251.985,1.15,4.3,193.5,100.1068,46.63,2.3,1.7251073506566073,1.6769627444729984,3.090037293553549,4.434490481522957,1.1187969195710634,1.92812155729698
2017-08-31,245.183,252.535,1.16,4.4,193.8,99.6925,48.04,2.12,1.92812155729698,1.6552412618799472,3.8585209003215493,7.423971377459759,0.8523014668689877,2.1805652303711787
2017-09-30,246.435,252.812,1.15,4.3,194.8,99.7954,49.82,2.33,2.1805652303711787,1.5953898457655935,4.226859283039053,10.27003098716246,1.0630336308315114,2.020757753132485
2017-10-31,246.626,253.526,1.15,4.2,194.9,101.0247,51.58,2.38,2.020757753132485,1.7596390813271245,4.3920728441349866,3.615910004017664,2.2919955326540453,2.172493864295566
2017-11-30,247.284,253.816,1.16,4.2,195.9,101.2664,56.64,2.42,2.172493864295566,1.7376072726981162,5.152979066022545,24.047306176084106,2.9662701539719283,2.129930719552253
2017-12-31,247.805,254.344,1.3,4.1,196.3,101.4644,57.88,2.4,2.129930719552253,1.770166453265043,4.303931987247611,11.37194535308832,2.467143465957866,2.151318868063945
2018-01-31,248.859,255.204,1.41,4.0,197.9,101.4625,63.7,2.72,2.151318868063945,1.8912671130328462,3.775563712637653,21.333333333333336,2.7352874765469437,2.263468931091861
2018-02-28,249.529,255.711,1.42,4.1,199.3,101.7085,62.23,2.87,2.263468931091861,1.87770420481439,4.018789144050117,16.38301851505517,3.3994953469032696,2.3309497646499366
2018-03-31,249.577,256.271,1.51,4.0,199.3,102.2067,62.73,2.74,2.3309497646499366,2.1227843662331214,4.073107049608371,27.163997567403197,3.224806264183644,2.4709963021052994
2018-04-30,250.227,256.63,1.69,4.0,200.3,103.3329,66.25,2.95,2.4709963021052994,2.150644636125887,3.782383419689128,29.749314531923222,3.309758614070435,2.781921607842497
2018-05-31,250.792,257.145,1.7,3.8,203.2,102.4024,69.98,2.83,2.781921607842497,2.272998448872432,5.394190871369275,44.34818481848186,2.2584201444366236,2.8075506935940187
2018-06-30,251.018,257.399,1.82,4.0,204.2,103.198,67.87,2.85,2.8075506935940187,2.245517307127032,5.475206611570238,50.22133687472334,2.8410387544831828,2.854124785561929
2018-07-31,251.214,257.699,1.91,3.8,204.3,103.3646,70.98,2.96,2.854124785561929,2.267595293370639,5.581395348837215,52.21960111516191,3.2543243815604805,2.6429238568742575
2018-08-31,251.663,257.891,1.91,3.8,203.4,104.0327,68.06,2.86,2.6429238568742575,2.1208941334864617,4.9535603715170184,41.67360532889259,4.353587280888749,2.332055105808828
2018-09-30,252.182,258.368,1.95,3.7,203.6,104.1004,70.23,3.05,2.332055105808828,2.1976804898501623,4.517453798767956,40.96748293857888,4.313826088176409,2.492032470218053
2018-10-31,252.772,258.917,2.19,3.8,204.6,103.9856,70.75,3.15,2.492032470218053,2.126409125691242,4.976911236531545,37.165568049631645,2.930867401734427,2.147328577667773
2018-11-30,252.594,259.439,2.2,3.8,202.3,104.0681,56.96,3.01,2.147328577667773,2.2153843729315836,3.2669729453802976,0.5649717514124353,2.7666629800210174,2.0023809043401064
2018-12-31,252.767,260.063,2.27,3.9,201.0,104.0936,49.52,2.69,2.0023809043401064,2.2485295505299874,2.3942944472745697,-14.443676572218378,2.5912536810940523,1.4875893578291333
2019-01-31,252.561,260.766,2.4,4.0,199.1,103.4021,51.38,2.63,1.4875893578291333,2.1794329242488475,0.6063668519454168,-19.34065934065934,1.9116422323518512,1.5188615351321877
2019-02-28,253.319,261.186,2.4,3.8,199.2,102.8371,54.95,2.73,1.5188615351321877,2.1410889637129227,-0.05017561465129328,-11.698537682789645,1.1096417703535089,1.8831863513063984
2019-03-31,254.277,261.567,2.41,3.8,200.8,102.8757,58.15,2.41,1.8831863513063984,2.06656235001228,0.7526342197691882,-7.301131834847762,0.6545559146318158,2.000583470209061
2019-04-30,255.233,261.997,2.42,3.7,202.1,102.274,63.86,2.51,2.000583470209061,2.0913377235709074,0.8986520219670391,-3.6075471698113204,-1.0247462328067725,1.7959105553606136
2019-05-31,255.296,262.217,2.39,3.6,201.7,102.392,60.83,2.14,1.7959105553606136,1.97242800754438,-0.7381889763779514,-13.075164332666489,-0.010156011968476264,1.671194894390049
2019-06-30,255.213,262.739,2.38,3.6,200.3,102.4375,54.66,2.0,1.671194894390049,2.0746001344216447,-1.9098922624877446,-19.463680565787545,-0.7369328862962377,1.826331335037068
2019-07-31,255.802,263.28,2.4,3.7,200.7,101.9408,57.35,2.02,1.826331335037068,2.1657049503490455,-1.7621145374449476,-19.20259227951536,-1.3774541767684445,1.7376412106666406
2019-08-31,256.036,263.877,2.13,3.6,199.2,102.639,54.81,1.5,1.7376412106666406,2.321135673598529,-2.064896755162249,-19.46811636791067,-1.3396749291328724,1.6844977040391562
2019-09-30,256.43,264.388,2.04,3.5,198.4,102.2917,56.95,1.68,1.6844977040391562,2.3300099083477743,-2.5540275049115824,-18.909298020788835,-1.7374573008364869,1.7339736996186295
2019-10-31,257.155,264.97,1.83,3.6,198.6,101.4281,53.96,1.69,1.7339736996186295,2.3378148209658223,-2.9325513196480912,-23.731448763250885,-2.4594751580988228,2.092290394862917
2019-11-30,257.879,265.548,1.55,3.6,199.0,101.9372,57.03,1.78,2.092290394862917,2.3546960942649298,-1.6312407315867583,0.1228932584269593,-2.047601522464615,2.3195274699624457
2019-12-31,258.63,266.02,1.55,3.6,199.0,101.7003,59.88,1.92,2.3195274699624457,2.2905988164406255,-0.995024875621886,20.92084006462036,-2.2991807373363926,2.599767976845202
2020-01-31,259.127,266.716,1.55,3.6,199.3,101.0338,57.52,1.51,2.599767976845202,2.2817391837892886,0.10045203415369741,11.950175165434018,-2.290379015513233,2.3413166797595197
2020-02-29,259.25,267.37,1.58,3.5,196.7,101.3735,50.54,1.13,2.3413166797595197,2.3676613601035346,-1.2550200803212896,-8.02547770700638,-1.4232217750208775,1.4940399642909163
2020-03-31,258.076,267.054,0.65,4.4,193.1,97.4078,29.21,0.7,1.4940399642909163,2.097741687598198,-3.834661354581681,-49.76784178847807,-5.315054964389065,0.3130472940411133
2020-04-30,256.032,265.746,0.05,14.8,185.5,84.5619,16.55,0.64,0.3130472940411133,1.4309324152566472,-8.213755566551207,-74.0839336047604,-17.318282261376304,0.1982013035848551
2020-05-31,255.802,265.412,0.05,13.2,188.6,85.9604,28.56,0.65,0.1982013035848551,1.2184564692601985,-6.494794248884483,-53.04948216340621,-16.047738104539413,0.7166562831830481
2020-06-30,257.042,265.849,0.08,11.0,191.2,91.5934,38.31,0.66,0.7166562831830481,1.1836841884912408,-4.543185222166757,-29.912184412733257,-10.586064673581452,0.9968647625897997
2020-07-31,258.352,267.389,0.09,10.2,193.0,95.0256,40.71,0.55,0.9968647625897997,1.560695837131587,-3.8365719980069657,-29.014821272885793,-6.783544959427434,1.2810698495523853
2020-08-31,259.316,268.422,0.1,8.4,194.3,95.9549,42.34,0.72,1.2810698495523853,1.7223933878284248,-2.459839357429705,-22.751322751322746,-6.512241935326724,1.3910228912373812
2020-09-30,259.997,268.933,0.09,7.8,195.5,95.9669,39.63,0.69,1.3910228912373812,1.7190644053436621,-1.4616935483870996,-30.412642669007905,-6.183101854793705,1.2303863428671624
2020-10-31,260.319,269.306,0.09,6.9,196.5,96.7394,39.4,0.88,1.2303863428671624,1.6364116692455521,-1.0574018126888185,-26.982950333580437,-4.622683457542831,1.1757452138405844
2020-11-30,260.911,269.981,0.09,6.7,198.3,97.0816,40.94,0.84,1.1757452138405844,1.6693780408814973,-0.35175879396984744,-28.213221111695606,-4.763324870606622,1.3204191315779434
2020-12-31,262.045,270.341,0.09,6.7,200.5,98.363,47.02,0.93,1.3204191315779434,1.624313961356294,0.7537688442211143,-21.476285905143623,-3.28150457766595,1.3738437137002402
2021-01-31,262.687,270.387,0.09,6.4,204.8,98.8822,52.0,1.11,1.3738437137002402,1.3763703714812836,2.759658805820364,-9.596662030598058,-2.1295843569181794,1.6698167791706853
2021-02-28,263.579,270.793,0.08,6.2,210.6,95.6149,59.04,1.44,1.6698167791706853,1.280248344990098,7.066598881545505,16.818361693707963,-5.680577271180343,2.6678187820641908
2021-03-31,264.961,271.459,0.07,6.1,215.0,98.3856,62.33,1.74,2.6678187820641908,1.6494791315614155,11.341273951320563,113.38582677165351,1.0038210492383515,4.133077115360573
2021-04-30,266.614,273.66,0.07,6.1,217.9,98.5587,61.72,1.65,4.133077115360573,2.9780316542864504,17.466307277628033,272.93051359516613,16.55213518144698,4.918257089467626
2021-05-31,268.383,275.465,0.06,5.8,224.9,99.4333,65.17,1.58,4.918257089467626,3.7876961101984907,19.24708377518558,128.18627450980395,15.673379835366053,5.295632620349999
2021-06-30,270.654,277.651,0.08,5.9,228.9,99.7987,71.38,1.45,5.295632620349999,4.439362194328367,19.717573221757334,86.32210910989295,8.958396565691418,5.245169381309234
2021-07-31,271.903,278.648,0.1,5.4,231.85,100.2519,72.49,1.24,5.245169381309234,4.210719214328185,20.129533678756474,78.06435765168263,5.4998863464161385,5.152015301793966
2021-08-31,272.676,278.997,0.09,5.1,233.415,100.0437,67.73,1.3,5.152015301793966,3.9396919775577244,20.131240349974266,59.96693434104865,4.261168528131454,5.351215590949132
2021-09-30,273.91,279.698,0.08,4.7,235.678,98.8579,71.65,1.52,5.351215590949132,4.002855729865806,20.551406649616368,80.79737572546051,3.0124970172007215,6.235042390298062
2021-10-31,276.55,281.668,0.08,4.5,240.465,100.1861,81.48,1.55,6.235042390298062,4.590317334184912,22.37404580152671,106.80203045685279,3.5628709708763973,6.901970403700863
2021-11-30,278.919,283.406,0.08,4.1,243.287,100.8654,79.15,1.43,6.901970403700863,4.972572143965692,22.686333837619756,93.33170493404985,3.897545981936834,7.174340285065539
2021-12-31,280.845,285.18,0.08,3.9,241.338,100.5726,71.71,1.52,7.174340285065539,5.488993530393094,20.36807980049875,52.50957039557633,2.2463731281071153,7.558805726967832
2022-01-31,282.543,286.757,0.08,4.0,246.453,100.1856,83.22,1.79,7.558805726967832,6.05428515424189,20.338378906249986,60.03846153846153,1.3181341030033655,7.937278766517819
2022-02-28,284.5,288.273,0.08,3.9,252.66,100.8064,91.64,1.83,7.937278766517819,6.4551151617656455,19.97150997150998,55.21680216802167,5.429593086433182,8.572204966013853
2022-03-31,287.674,289.056,0.2,3.7,260.014,101.3907,108.5,2.32,8.572204966013853,6.482378554404167,20.936744186046518,74.07347986523345,3.0544104015221674,8.231750770777225
2022-04-30,288.561,290.514,0.33,3.7,265.31,101.44,101.78,2.89,8.231750770777225,6.158737119052837,21.757687012391003,64.90602721970188,2.923435475508507,8.538171195642065
2022-05-31,291.298,292.063,0.77,3.6,273.251,101.3335,109.55,2.85,8.538171195642065,6.0254478790408905,21.49888839484213,68.09881847475832,1.9110298059100916,8.979361103105798
2022-06-30,294.957,294.05,1.21,3.6,280.251,101.018,114.84,2.98,8.979361103105798,5.906335651591377,22.433813892529475,60.885402073409935,1.2217594016755706,8.462576727730099
2022-07-31,294.913,295.088,1.68,3.5,272.274,101.223,101.62,2.67,8.462576727730099,5.899916740834321,17.43541082596507,40.18485308318391,0.968659945597028,8.222579178218826
2022-08-31,295.097,296.535,2.33,3.6,269.546,101.0963,93.67,3.15,8.222579178218826,6.286089097732228,15.47929653192812,38.29912889413849,1.0521402147261716,8.192106896425821
2022-09-30,296.349,298.226,2.56,3.5,267.898,101.2918,84.26,3.83,8.192106896425821,6.624287624509306,13.67119544463209,17.599441730635036,2.462018715752601,7.758813957693
2022-10-31,298.007,299.399,3.08,3.6,265.061,101.2529,87.55,4.1,7.758813957693,6.294999786983246,10.228515584388575,7.4496809032891464,1.0648183730078253,7.122856456533988
2022-11-30,298.786,300.325,3.78,3.6,263.157,100.9552,84.37,3.68,7.122856456533988,5.969880665899807,8.16730856971395,6.595072646873024,0.08902953837490735,6.404600402357152
2022-12-31,298.832,301.394,4.1,3.5,257.897,99.7664,76.44,3.88,6.404600402357152,5.685531944736666,6.861331410718585,6.596011713847449,-0.8016099812473643,6.327178517960097
2023-01-31,300.42,302.642,4.33,3.5,260.227,100.505,78.12,3.52,6.327178517960097,5.539533472591773,5.588895245746639,-6.12833453496755,0.3188082918103907,5.957820738137087
2023-02-28,301.45,304.123,4.57,3.6,258.669,100.6416,76.83,3.92,5.957820738137087,5.498260329618088,2.378294941819048,-16.161065037101707,-0.1634816837026265,4.917719362889961
2023-03-31,301.821,305.147,4.65,3.5,257.062,101.0205,73.28,3.48,4.917719362889961,5.566741392671326,-1.1353234825817071,-32.46082949308756,-0.36512224493961964,4.950079879124369
2023-04-30,302.845,306.534,4.83,3.4,256.908,101.253,79.45,3.44,4.950079879124369,5.514364195873522,-3.166861407410193,-21.939477303988998,-0.1843454258675048,4.131851231385042
2023-05-31,303.334,307.652,5.06,3.6,253.67,100.9286,71.58,3.64,4.131851231385042,5.337547036084689,-7.165939008457423,-34.659972615244186,-0.39957171123073953,3.070617072997095
2023-06-30,304.014,308.322,5.08,3.6,253.86,100.1196,70.25,3.81,3.070617072997095,4.853596327155252,-9.416915550702754,-38.82793451758969,-0.8893464531073647,3.287749268428297
2023-07-31,304.609,308.96,5.12,3.5,253.835,100.9067,76.07,3.97,3.287749268428297,4.700970557935236,-6.772222099796521,-25.142688447156083,-0.31247838929887584,3.722504803505289
2023-08-31,306.082,309.58,5.33,3.7,257.68,100.8393,81.39,4.09,3.722504803505289,4.399143440066089,-4.402217061280811,-13.109853741859723,-0.25421306219911566,3.687206638119256
2023-09-30,307.276,310.539,5.33,3.7,258.934,101.0211,89.43,4.59,3.687206638119256,4.128747996485882,-3.346049615898583,6.135770234986948,-0.2672476942852109,3.2512659098611785
2023-10-31,307.696,311.457,5.33,3.9,255.192,100.4689,85.64,4.88,3.2512659098611785,4.027401561127464,-3.723293883294776,-2.1816105082809734,-0.7742988102069082,3.1333462745911866
2023-11-30,308.148,312.392,5.33,3.7,252.856,100.8639,77.69,4.37,3.1333462745911866,4.017980521102138,-3.9143933089372474,-7.917506222590975,-0.09043615385835313,3.3159099427102934
2023-12-31,308.741,313.195,5.33,3.8,249.866,100.6031,71.9,3.88,3.3159099427102934,3.9154727698627045,-3.114033897253543,-5.939298796441639,0.8386591076755323,3.0883429864855705
2024-01-31,309.698,314.319,5.33,3.7,251.306,99.2223,74.15,3.99,3.0883429864855705,3.8583540949372663,-3.428160798072444,-5.081925243215569,-1.2762549126908995,3.157074141648697
2024-02-29,310.967,315.564,5.33,3.9,254.926,100.285,77.25,4.25,3.157074141648697,3.7619647313751337,-1.447023029431438,0.5466614603670372,-0.3543266402759926,3.4868349120836584
2024-03-31,312.345,316.792,5.33,3.9,255.095,100.4575,81.28,4.2,3.4868349120836584,3.8161935067360986,-0.7651850526332216,10.917030567685583,-0.557312624665296,3.3607951262196734
2024-04-30,313.023,317.649,5.33,3.9,256.978,100.2434,85.35,4.69,3.3607951262196734,3.6260251717590952,0.027247107914107893,7.426054122089343,-0.9971062585799939,3.244278584003113
2024-05-31,313.175,318.095,5.33,3.9,255.313,100.863,80.02,4.51,3.244278584003113,3.394419668976645,0.6476918831552769,11.79100307348422,-0.06499644303002983,2.9702579486470926
2024-06-30,313.044,318.39,5.33,4.1,255.914,100.894,79.77,4.36,2.9702579486470926,3.2654173234475614,0.8091073820215788,13.551601423487547,0.7734749239909133,2.9414757935583014
2024-07-31,313.569,318.94,5.33,4.2,257.321,99.9757,81.8,4.09,2.9414757935583014,3.2301916105644812,1.3733330706955371,7.53253582226896,-0.9226344732312097,2.607144490692037
2024-08-31,314.062,319.75,5.33,4.2,255.463,100.4309,76.68,3.91,2.607144490692037,3.2850959364300047,-0.8603694504812243,-5.786951713969768,-0.4050008280501727,2.4264830315416708
2024-09-30,314.732,320.732,5.13,4.1,252.682,99.8084,70.24,3.81,2.4264830315416708,3.2823574494668994,-2.414514895687714,-21.458123672145824,-1.2004422838397089,2.578844053871343
2024-10-31,315.631,321.731,4.83,4.1,253.081,99.4695,71.99,4.28,2.578844053871343,3.298689706765301,-0.8272202890372782,-15.938813638486693,-0.9947356843759692,2.719472461284833
2024-11-30,316.528,322.657,4.64,4.2,253.211,99.2925,69.95,4.18,2.719472461284833,3.2859356193500444,0.14039611478471326,-9.962672158578966,-1.5579409481489392,2.870690967509981
2024-12-31,317.604,323.259,4.48,4.1,253.423,100.3273,70.12,4.58,2.870690967509981,3.2133335461932644,1.4235630297839696,-2.475660639777466,-0.2741466217243804,2.9909783078999608
2025-01-31,318.961,324.638,4.33,4.0,257.36,100.0647,75.74,4.58,2.9909783078999608,3.282970485398584,2.4090153040516427,2.144302090357364,0.849002693950851,2.8015834477613355
2025-02-28,319.679,325.465,4.33,4.2,259.498,101.0993,71.53,4.24,2.8015834477613355,3.13755688228059,1.7934616320030239,-7.404530744336569,0.8119858403550007,2.381981462805549
2025-03-31,319.785,325.69,4.33,4.2,258.525,101.0404,68.24,4.23,2.381981462805549,2.808783050077035,1.3445971108802413,-16.043307086614178,0.5802453773984029,2.32538823025783
2025-04-30,320.302,326.467,4.33,4.2,258.392,101.1279,63.54,4.17,2.32538823025783,2.7760200724699313,0.5502416549276523,-25.553602811950782,0.8823523543694645,2.3772651073680873
2025-05-31,320.62,326.893,4.33,4.3,258.678,100.9655,62.17,4.41,2.3772651073680873,2.7658403935930886,1.317990074927633,-22.3069232691827,0.10162299356553106,2.680453865910226
2025-06-30,321.435,327.658,4.33,4.1,260.491,101.4785,68.17,4.24,2.680453865910226,2.910895442696071,1.7884914463452528,-14.541807697129238,0.5793208714095943,2.742618052167134
2025-07-31,322.169,328.682,4.33,4.3,262.358,101.894,68.39,4.37,2.742618052167134,3.0544930080893096,1.9574772366032889,-16.393643031784833,1.9187662602012212,2.9385917430316155
2025-08-31,323.291,329.7,4.33,4.3,262.11,101.6247,64.86,4.23,2.9385917430316155,3.111806098514469,2.60194235564446,-15.414710485133032,1.1886779865559305,3.0225715847133294
2025-11-30,325.063,331.043,3.88,4.5,261.914,101.0344,60.06,4.02,2.6964439164939513,2.5990448060944082,3.437054472357026,-14.138670478913507,1.7543117556713783,2.653304114557753
2025-12-31,326.031,331.814,3.72,4.4,261.333,101.4941,57.97,4.18,2.653304114557753,2.6464847073089937,3.121263657994744,-17.327438676554486,1.1629935222018384,2.391201432150014
2026-01-31,326.588,332.793,3.64,4.3,263.608,101.1235,60.04,4.26,2.391201432150014,2.512028782828879,2.427727696611748,-20.72880908370741,1.0581153993366232,2.4340041103732224
2026-02-28,327.46,333.512,3.64,4.4,269.553,101.9493,64.51,3.97,2.4340041103732224,2.4724624767640258,3.8747890157149634,-9.814064029078706,0.8407575522283439,3.2859577528651984
2026-03-31,330.293,334.165,3.64,4.3,275.979,101.6273,91.38,4.3,3.2859577528651984,2.602167705486824,6.751378009863651,33.90973036342322,0.5808567662044073,3.7792458367415627
2026-04-30,332.407,335.423,3.64,4.3,282.7,102.509,100.32,4.4,3.7792458367415627,2.7433094309685213,9.407411994179382,57.88479697828139,1.365696311304787,4.166614684049641
